{"cameraMode":{"drawMode":0,"name":"Shaded","section":"Shading Mode"},"sceneLighting":true,"audioPlay":false,"sceneViewState":{"m_AlwaysRefresh":false,"showFog":true,"showSkybox":true,"showFlares":true,"showImageEffects":true,"showParticleSystems":true,"showVisualEffectGraphs":true,"m_FxEnabled":true},"in2DMode":false,"pivot":{"x":-51.100868225097659,"y":441.5523681640625,"z":-156.95370483398438},"rotation":{"x":-0.24897535145282746,"y":0.05286093428730965,"z":-0.013609482906758786,"w":-0.966990053653717},"size":197.9749298095703,"orthographic":false}