{"cameraMode":{"drawMode":0,"name":"Shaded","section":"Shading Mode"},"sceneLighting":true,"audioPlay":false,"sceneViewState":{"m_AlwaysRefresh":false,"showFog":true,"showSkybox":true,"showFlares":true,"showImageEffects":true,"showParticleSystems":true,"showVisualEffectGraphs":true,"m_FxEnabled":true},"in2DMode":false,"pivot":{"x":22.760046005249025,"y":-63.085723876953128,"z":48.56036376953125},"rotation":{"x":-0.4052589237689972,"y":-0.014250497333705426,"z":0.0063157957047224049,"w":-0.9140824675559998},"size":101.67298126220703,"orthographic":false}