{"cameraMode":{"drawMode":0,"name":"Shaded","section":"Shading Mode"},"sceneLighting":true,"audioPlay":false,"sceneViewState":{"m_AlwaysRefresh":false,"showFog":true,"showSkybox":true,"showFlares":true,"showImageEffects":true,"showParticleSystems":true,"showVisualEffectGraphs":true,"m_FxEnabled":true},"in2DMode":false,"pivot":{"x":15.169341087341309,"y":43.099388122558597,"z":-101.75186920166016},"rotation":{"x":0.055694371461868289,"y":0.05209575966000557,"z":-0.0029117781668901445,"w":0.9970951080322266},"size":1.1370079517364503,"orthographic":false}