{"cameraMode":{"drawMode":0,"name":"Shaded","section":"Shading Mode"},"sceneLighting":true,"audioPlay":false,"sceneViewState":{"m_AlwaysRefresh":false,"showFog":true,"showSkybox":true,"showFlares":true,"showImageEffects":true,"showParticleSystems":true,"showVisualEffectGraphs":true,"m_FxEnabled":true},"in2DMode":false,"pivot":{"x":-0.7596580982208252,"y":-79.2620849609375,"z":138.48553466796876},"rotation":{"x":-0.2467353194952011,"y":0.0005793901509605348,"z":-0.00014772707072552294,"w":-0.969083845615387},"size":130.25164794921876,"orthographic":false}