{"cameraMode":{"drawMode":0,"name":"Shaded","section":"Shading Mode"},"sceneLighting":true,"audioPlay":false,"sceneViewState":{"m_AlwaysRefresh":false,"showFog":true,"showSkybox":true,"showFlares":true,"showImageEffects":true,"showParticleSystems":true,"showVisualEffectGraphs":true,"m_FxEnabled":true},"in2DMode":false,"pivot":{"x":2.208857297897339,"y":-8.975549697875977,"z":30.128873825073243},"rotation":{"x":0.21673879027366639,"y":-0.13968999683856965,"z":0.03145173192024231,"w":0.9656027555465698},"size":21.133766174316408,"orthographic":false}